hugo_name,hgnc_id,protocol,date_added,notes,departments,total,behandlings_relevans
ATM,795,,2025-03-05,,False,afmd;gm;moma;ouh;vejle,5/5
BRCA1,1100,,2025-03-05,,False,afmd;gm;moma;ouh;vejle,5/5
BRCA2,1101,,2025-03-05,,False,afmd;gm;moma;ouh;vejle,5/5
MLH1,7127,,2025-03-05,,False,afmd;gm;moma;ouh;vejle,5/5
MLH3,7128,,2025-03-05,,False,afmd;gm;moma;ouh;vejle,5/5
MSH2,7325,,2025-03-05,,False,afmd;gm;moma;ouh;vejle,5/5
MSH3,7326,,2025-03-05,,False,afmd;gm;moma;ouh;vejle,5/5
MSH6,7329,,2025-03-05,,False,afmd;gm;moma;ouh;vejle,5/5
PALB2,26144,,2025-03-05,,False,afmd;gm;moma;ouh;vejle,5/5
PMS2,9122,,2025-03-05,,False,afmd;gm;moma;ouh;vejle,5/5
RAD51C,9820,,2025-03-05,,False,afmd;gm;moma;ouh;vejle,5/5
RAD51D,9823,,2025-03-05,,False,afmd;gm;moma;ouh;vejle,5/5
CHEK2,16627,,2025-03-05,,False,gm;moma;ouh;vejle,4/5
EGLN1,1232,,2025-03-05,,False,gm;moma;ouh;vejle,4/5
EGLN2,14660,,2025-03-05,,False,gm;moma;ouh;vejle,4/5
ELOC,11617,,2025-03-05,,False,gm;moma;ouh;vejle,4/5
EPAS1,3374,,2025-03-05,,False,gm;moma;ouh;vejle,4/5
FH,3700,,2025-03-05,,False,gm;moma;ouh;vejle,4/5
MDH2,6971,,2025-03-05,,False,gm;moma;ouh;vejle,4/5
MET,7029,,2025-03-05,,False,gm;moma;ouh;vejle,4/5
POLE,9177,,2025-03-05,,False,gm;moma;ouh;vejle,4/5
RET,9967,,2025-03-05,,False,gm;moma;ouh;vejle,4/5
SDHA,10680,,2025-03-05,,False,gm;moma;ouh;vejle,4/5
SDHAF2,26034,,2025-03-05,,False,gm;moma;ouh;vejle,4/5
SDHB,10681,,2025-03-05,,False,gm;moma;ouh;vejle,4/5
SDHC,10682,,2025-03-05,,False,gm;moma;ouh;vejle,4/5
SDHD,10683,,2025-03-05,,False,gm;moma;ouh;vejle,4/5
TP53,11998,,2025-03-06,,False,afmd;gm;ouh;vejle,4/5
APC,583,,2025-03-06,,False,gm;ouh;vejle,3/5
BARD1,952,,2025-03-05,,False,moma;ouh;vejle,3/5
BMPR1A,1076,,2025-03-06,,False,gm;ouh;vejle,3/5
BRIP1,20473,,2025-03-05,,False,moma;ouh;vejle,3/5
EGFR,3236,,2025-03-05,,False,moma;ouh;vejle,3/5
MBD4,6919,,2025-03-05,,False,moma;ouh;vejle,3/5
MEN1,7010,,2025-03-06,,False,gm;ouh;vejle,3/5
MUTYH,7527,,2025-03-06,,False,gm;ouh;vejle,3/5
NF2,7773,,2025-03-06,,False,gm;ouh;vejle,3/5
PIK3CA,8975,,2025-03-05,,False,moma;ouh;vejle,3/5
PTEN,9588,,2025-03-06,,False,gm;ouh;vejle,3/5
RB1,9884,,2025-03-06,,False,gm;ouh;vejle,3/5
SMAD4,6770,,2025-03-06,,False,gm;ouh;vejle,3/5
STK11,11389,,2025-03-06,,False,gm;ouh;vejle,3/5
TERT,11730,,2025-03-06,,False,afmd;ouh;vejle,3/5
VHL,12687,,2025-03-06,,False,gm;ouh;vejle,3/5
WT1,12796,,2025-03-06,,False,gm;ouh;vejle,3/5
ACD,25070,,2025-03-06,,False,ouh;vejle,2/5
AKT1,391,,2025-03-06,,False,ouh;vejle,2/5
AXIN2,904,,2025-03-06,,False,ouh;vejle,2/5
BAP1,950,,2025-03-06,,False,ouh;vejle,2/5
CDH1,1748,,2025-03-06,,False,ouh;vejle,2/5
CDK4,1773,,2025-03-06,,False,ouh;vejle,2/5
CDKN2A,1787,,2025-03-06,,False,ouh;vejle,2/5
CDKN2B,1788,,2025-03-06,,False,ouh;vejle,2/5
CTNNA1,2509,,2025-03-06,,False,ouh;vejle,2/5
DICER1,17098,,2025-03-06,,False,ouh;vejle,2/5
DPYD,3012,,2025-03-06,,False,ouh;vejle,2/5
EPCAM,11529,,2025-03-06,,False,ouh;vejle,2/5
FLCN,27310,,2025-03-06,,False,ouh;vejle,2/5
GREM1,2001,,2025-03-06,,False,ouh;vejle,2/5
HOXB13,5112,,2025-03-06,,False,ouh;vejle,2/5
MITF,7105,,2025-03-06,,False,ouh;vejle,2/5
MRE11,7230,,2025-03-05,,False,gm;moma,2/5
NBN,7652,,2025-03-05,,False,gm;moma,2/5
NF1,7765,,2025-03-06,,False,ouh;vejle,2/5
NTHL1,8028,,2025-03-06,,False,ouh;vejle,2/5
PMS1,9121,,2025-03-05,,False,afmd;moma,2/5
POLD1,9175,,2025-03-06,,False,ouh;vejle,2/5
POT1,17284,,2025-03-06,,False,ouh;vejle,2/5
PTCH1,9585,,2025-03-06,,False,ouh;vejle,2/5
PTCH2,9586,,2025-03-06,,False,ouh;vejle,2/5
RNF43,18505,,2025-03-06,,False,ouh;vejle,2/5
RPS20,10405,,2025-03-06,,False,ouh;vejle,2/5
SEC23B,10702,,2025-03-06,,False,ouh;vejle,2/5
SMARCA4,11100,,2025-03-06,,False,ouh;vejle,2/5
SPRED1,20249,,2025-03-06,,False,ouh;vejle,2/5
SUFU,16466,,2025-03-06,,False,ouh;vejle,2/5
TERF2IP,19246,,2025-03-06,,False,ouh;vejle,2/5
TSC1,12362,,2025-03-06,,False,ouh;vejle,2/5
TSC2,12363,,2025-03-06,,False,ouh;vejle,2/5
ABRAXAS1,25829,,2025-03-05,,False,moma,1/5
ALK,427,,2025-03-05,,False,moma,1/5
ANKRD26,29186,,2025-03-06,,False,afmd,1/5
ATR,882,,2025-03-06,,False,gm,1/5
CDK12,24224,,2025-03-06,,False,gm,1/5
CEBPA,1833,,2025-03-06,,False,afmd,1/5
CHEK1,1925,,2025-03-05,,False,moma,1/5
DDX41,18674,,2025-03-06,,False,afmd,1/5
ETV6,3495,,2025-03-06,,False,afmd,1/5
FANCA,3582,,2025-03-06,,False,gm,1/5
FGFR1,3688,,2025-03-05,,False,moma,1/5
FGFR2,3689,,2025-03-05,,False,moma,1/5
FGFR3,3690,,2025-03-05,,False,moma,1/5
FGFR4,3691,,2025-03-05,,False,moma,1/5
GATA3,4172,,2025-03-06,,False,afmd,1/5
MAX,6913,,2025-03-06,,False,gm,1/5
NTRK1,8031,,2025-03-05,,False,moma,1/5
NTRK2,8032,,2025-03-05,,False,moma,1/5
NTRK3,8033,,2025-03-05,,False,moma,1/5
RAD51B,9822,,2025-03-06,,False,gm,1/5
ROS1,10261,,2025-03-05,,False,moma,1/5
RUNX1,10471,,2025-03-06,,False,afmd,1/5
TERC,11727,,2025-03-06,,False,afmd,1/5
TMEM127,26038,,2025-03-06,,False,gm,1/5
